MJD;Magnitude;Error;Facility;Filter;Observer
51584.231199999806;15.335;0.217;2MASS;2MASS(K);2MASS
51584.231199999806;16.073;0.136;2MASS;2MASS(J);2MASS
51584.231199999806;15.241;0.155;2MASS;2MASS(H);2MASS
56895.01586999977;18.09;0.027758756035343456;Gaia Alerts;GSA(G);Gaia Alerts
56973.249419999775;18.15;0.028773984147356668;Gaia Alerts;GSA(G);Gaia Alerts
56988.32645000005;18.12;0.028261811798101638;Gaia Alerts;GSA(G);Gaia Alerts
57026.70758000016;18.1;0.02792543841237342;Gaia Alerts;GSA(G);Gaia Alerts
57051.70072000008;17.92;0.025072636247771216;Gaia Alerts;GSA(G);Gaia Alerts
57051.77473000018;18.08;0.027593068558175116;Gaia Alerts;GSA(G);Gaia Alerts
57123.4961600001;18.07;0.027428370042473765;Gaia Alerts;GSA(G);Gaia Alerts
57191.66073000012;18.14;0.028602236939542832;Gaia Alerts;GSA(G);Gaia Alerts
57223.39992000023;18.15;0.028773984147356668;Gaia Alerts;GSA(G);Gaia Alerts
57251.96343;18.14;0.028602236939542832;Gaia Alerts;GSA(G);Gaia Alerts
57291.17024999997;18.12;0.028261811798101638;Gaia Alerts;GSA(G);Gaia Alerts
57307.6724299998;18.13;0.02843151486273759;Gaia Alerts;GSA(G);Gaia Alerts
57349.289840000216;18.1;0.02792543841237342;Gaia Alerts;GSA(G);Gaia Alerts
57365.79208000004;18.1;0.02792543841237342;Gaia Alerts;GSA(G);Gaia Alerts
57402.753039999865;18.14;0.028602236939542832;Gaia Alerts;GSA(G);Gaia Alerts
57430.493300000206;18.13;0.02843151486273759;Gaia Alerts;GSA(G);Gaia Alerts
57430.56730000023;18.13;0.02843151486273759;Gaia Alerts;GSA(G);Gaia Alerts
57459.986159999855;18.01;0.02646061902852951;Gaia Alerts;GSA(G);Gaia Alerts
57503.47085999977;18.14;0.028602236939542832;Gaia Alerts;GSA(G);Gaia Alerts
57524.28326679615;17.477017092957535;0.006205236443605089;DECAPS;DECAPS(i);DECAPS
57524.28326679615;17.131487030846856;0.006186869108939226;DECAPS;DECAPS(z);DECAPS
57524.28326679615;19.174733334827444;0.007820775201551776;DECAPS;DECAPS(g);DECAPS
57524.28326679615;18.002222692713843;0.007623210560284444;DECAPS;DECAPS(r);DECAPS
57528.29968000017;18.14;0.028602236939542832;Gaia Alerts;GSA(G);Gaia Alerts
57528.475829999894;18.14;0.028602236939542832;Gaia Alerts;GSA(G);Gaia Alerts
57602.765149999876;18.09;0.027758756035343456;Gaia Alerts;GSA(G);Gaia Alerts
57628.507869999856;18.1;0.02792543841237342;Gaia Alerts;GSA(G);Gaia Alerts
57668.885410000104;18.11;0.028093121663317743;Gaia Alerts;GSA(G);Gaia Alerts
57668.95941000013;18.11;0.028093121663317743;Gaia Alerts;GSA(G);Gaia Alerts
57683.88841000013;18.12;0.028261811798101638;Gaia Alerts;GSA(G);Gaia Alerts
57683.96242000023;18.12;0.028261811798101638;Gaia Alerts;GSA(G);Gaia Alerts
57725.155150000006;18.11;0.028093121663317743;Gaia Alerts;GSA(G);Gaia Alerts
57743.405910000205;18.14;0.028602236939542832;Gaia Alerts;GSA(G);Gaia Alerts
57779.049380000215;18.12;0.028261811798101638;Gaia Alerts;GSA(G);Gaia Alerts
57809.59421999985;18.1;0.02792543841237342;Gaia Alerts;GSA(G);Gaia Alerts
57809.66822999995;18.13;0.02843151486273759;Gaia Alerts;GSA(G);Gaia Alerts
57837.41600999981;18.1;0.02792543841237342;Gaia Alerts;GSA(G);Gaia Alerts
57837.59218000015;18.14;0.028602236939542832;Gaia Alerts;GSA(G);Gaia Alerts
57882.827010000125;18.09;0.027758756035343456;Gaia Alerts;GSA(G);Gaia Alerts
57882.90102000022;18.12;0.028261811798101638;Gaia Alerts;GSA(G);Gaia Alerts
57908.903880000114;18.11;0.028093121663317743;Gaia Alerts;GSA(G);Gaia Alerts
57909.08002000023;18.12;0.028261811798101638;Gaia Alerts;GSA(G);Gaia Alerts
57909.154039999936;18.05;0.027101916318908473;Gaia Alerts;GSA(G);Gaia Alerts
58005.03487000009;18.11;0.028093121663317743;Gaia Alerts;GSA(G);Gaia Alerts
58005.10888000019;18.09;0.027758756035343456;Gaia Alerts;GSA(G);Gaia Alerts
58046.30587999988;18.11;0.028093121663317743;Gaia Alerts;GSA(G);Gaia Alerts
58060.48527000006;18.1;0.02792543841237342;Gaia Alerts;GSA(G);Gaia Alerts
58060.55928000016;18.12;0.028261811798101638;Gaia Alerts;GSA(G);Gaia Alerts
58101.00490000006;18.16;0.028946762641760344;Gaia Alerts;GSA(G);Gaia Alerts
58121.42970999982;18.15;0.028773984147356668;Gaia Alerts;GSA(G);Gaia Alerts
58121.50371999992;18.15;0.028773984147356668;Gaia Alerts;GSA(G);Gaia Alerts
58189.389359999914;18.14;0.028602236939542832;Gaia Alerts;GSA(G);Gaia Alerts
58215.71506999992;18.13;0.02843151486273759;Gaia Alerts;GSA(G);Gaia Alerts
58261.625779999886;18.11;0.028093121663317743;Gaia Alerts;GSA(G);Gaia Alerts
58261.69977999991;18.14;0.028602236939542832;Gaia Alerts;GSA(G);Gaia Alerts
58289.62535999995;18.1;0.02792543841237342;Gaia Alerts;GSA(G);Gaia Alerts
58324.183540000115;18.13;0.02843151486273759;Gaia Alerts;GSA(G);Gaia Alerts
58360.829049999826;18.13;0.02843151486273759;Gaia Alerts;GSA(G);Gaia Alerts
58360.903059999924;18.1;0.02792543841237342;Gaia Alerts;GSA(G);Gaia Alerts
58381.32751000021;18.11;0.028093121663317743;Gaia Alerts;GSA(G);Gaia Alerts
58381.40151999984;18.12;0.028261811798101638;Gaia Alerts;GSA(G);Gaia Alerts
58423.02117000008;17.88;0.024479356661960657;Gaia Alerts;GSA(G);Gaia Alerts
58437.27456999989;18.13;0.02843151486273759;Gaia Alerts;GSA(G);Gaia Alerts
58437.34857999999;18.15;0.028773984147356668;Gaia Alerts;GSA(G);Gaia Alerts
58476.974549999926;18.08;0.027593068558175116;Gaia Alerts;GSA(G);Gaia Alerts
58532.02515000012;18.15;0.028773984147356668;Gaia Alerts;GSA(G);Gaia Alerts
58532.20130999992;18.06;0.027264654585290062;Gaia Alerts;GSA(G);Gaia Alerts
58569.2597099999;18.13;0.02843151486273759;Gaia Alerts;GSA(G);Gaia Alerts
58569.43587000016;18.11;0.028093121663317743;Gaia Alerts;GSA(G);Gaia Alerts
58569.509879999794;18.15;0.028773984147356668;Gaia Alerts;GSA(G);Gaia Alerts
58594.440099999774;18.11;0.028093121663317743;Gaia Alerts;GSA(G);Gaia Alerts
58594.51410999987;18.13;0.02843151486273759;Gaia Alerts;GSA(G);Gaia Alerts
58639.92420999985;18.12;0.028261811798101638;Gaia Alerts;GSA(G);Gaia Alerts
58639.99821999995;18.12;0.028261811798101638;Gaia Alerts;GSA(G);Gaia Alerts
58669.74300999986;18.15;0.028773984147356668;Gaia Alerts;GSA(G);Gaia Alerts
58684.05680999998;18.12;0.028261811798101638;Gaia Alerts;GSA(G);Gaia Alerts
58718.295630000066;18.15;0.028773984147356668;Gaia Alerts;GSA(G);Gaia Alerts
58718.36963000009;18.1;0.02792543841237342;Gaia Alerts;GSA(G);Gaia Alerts
58756.86118000001;18.12;0.028261811798101638;Gaia Alerts;GSA(G);Gaia Alerts
58756.935190000106;18.13;0.02843151486273759;Gaia Alerts;GSA(G);Gaia Alerts
58781.6395899998;18.14;0.028602236939542832;Gaia Alerts;GSA(G);Gaia Alerts
58781.7135999999;18.12;0.028261811798101638;Gaia Alerts;GSA(G);Gaia Alerts
58781.889760000166;18.14;0.028602236939542832;Gaia Alerts;GSA(G);Gaia Alerts
58825.28818000015;18.11;0.028093121663317743;Gaia Alerts;GSA(G);Gaia Alerts
58825.46433999995;18.1;0.02792543841237342;Gaia Alerts;GSA(G);Gaia Alerts
58853.331879999954;18.11;0.028093121663317743;Gaia Alerts;GSA(G);Gaia Alerts
58882.634930000175;18.14;0.028602236939542832;Gaia Alerts;GSA(G);Gaia Alerts
58882.81110000005;18.12;0.028261811798101638;Gaia Alerts;GSA(G);Gaia Alerts
58937.17065999983;18.14;0.028602236939542832;Gaia Alerts;GSA(G);Gaia Alerts
58937.24468;18.12;0.028261811798101638;Gaia Alerts;GSA(G);Gaia Alerts
58979.78470000019;18.1;0.02792543841237342;Gaia Alerts;GSA(G);Gaia Alerts
59036.398630000185;18.15;0.028773984147356668;Gaia Alerts;GSA(G);Gaia Alerts
59036.47263999982;18.08;0.027593068558175116;Gaia Alerts;GSA(G);Gaia Alerts
59092.5774699999;18.12;0.028261811798101638;Gaia Alerts;GSA(G);Gaia Alerts
59092.651469999924;18.1;0.02792543841237342;Gaia Alerts;GSA(G);Gaia Alerts
59112.90014000004;18.15;0.028773984147356668;Gaia Alerts;GSA(G);Gaia Alerts
59154.519530000165;18.11;0.028093121663317743;Gaia Alerts;GSA(G);Gaia Alerts
59154.59353000019;18.13;0.02843151486273759;Gaia Alerts;GSA(G);Gaia Alerts
59169.02303999988;18.12;0.028261811798101638;Gaia Alerts;GSA(G);Gaia Alerts
59208.47336999979;18.06;0.027264654585290062;Gaia Alerts;GSA(G);Gaia Alerts
59231.29318000004;18.1;0.02792543841237342;Gaia Alerts;GSA(G);Gaia Alerts
59263.7004300002;18.08;0.027593068558175116;Gaia Alerts;GSA(G);Gaia Alerts
59263.774439999834;18.11;0.028093121663317743;Gaia Alerts;GSA(G);Gaia Alerts
59301.184900000226;18.06;0.027264654585290062;Gaia Alerts;GSA(G);Gaia Alerts
59301.25889999978;18.12;0.028261811798101638;Gaia Alerts;GSA(G);Gaia Alerts
59326.18934000004;18.11;0.028093121663317743;Gaia Alerts;GSA(G);Gaia Alerts
59326.43949999986;18.07;0.027428370042473765;Gaia Alerts;GSA(G);Gaia Alerts
59371.67345000012;18.08;0.027593068558175116;Gaia Alerts;GSA(G);Gaia Alerts
59371.74745000014;18.1;0.02792543841237342;Gaia Alerts;GSA(G);Gaia Alerts
59401.66778999986;18.03;0.02677934806259709;Gaia Alerts;GSA(G);Gaia Alerts
59401.74178999988;18.02;0.026619506511518388;Gaia Alerts;GSA(G);Gaia Alerts
59432.90463999985;17.96;0.025680294506673508;Gaia Alerts;GSA(G);Gaia Alerts
59489.117769999895;17.7;0.021978598727848277;Gaia Alerts;GSA(G);Gaia Alerts
59489.19176999992;17.66;0.02145853159884375;Gaia Alerts;GSA(G);Gaia Alerts
59530.883289999794;17.16;0.015907429237502196;Gaia Alerts;GSA(G);Gaia Alerts
59546.06234000018;16.95;0.01548816618912481;Gaia Alerts;GSA(G);Gaia Alerts
59546.13634999981;16.96;0.01555965631605075;Gaia Alerts;GSA(G);Gaia Alerts
59556.3488269;16.49323524085324;0.028525198970523098;CPCS;i(GaiaSP);LCOGT1m, Kris Rybicki
59556.3505193;16.490469909095637;0.028093227847537712;CPCS;i(GaiaSP);LCOGT1m, Kris Rybicki
59557.7186489;16.53041605775598;0.024475196240834225;CPCS;i(GaiaSP);LCOGT1m, Kris Rybicki
59557.7203528;16.52233578743658;0.023827117941145236;CPCS;i(GaiaSP);LCOGT1m, Kris Rybicki
59558.2869963;16.533389649255067;0.028638409163221374;CPCS;i(GaiaSP);LCOGT1m, Kris Rybicki
59558.2886769;16.51514027142088;0.028022324052274665;CPCS;i(GaiaSP);LCOGT1m, Kris Rybicki
59559.0617951;16.56064631935009;0.021718351961210754;CPCS;i(GaiaSP);LCOGT1m, Kris Rybicki
59559.063499;16.557259433601125;0.021409545121358044;CPCS;i(GaiaSP);LCOGT1m, Kris Rybicki
59560.6666816;16.56171868427933;0.03184329009945034;CPCS;i(GaiaSP);LCOGT1m, Kris Rybicki
59560.6683872;16.54300788849236;0.03917403869922006;CPCS;i(GaiaSP);LCOGT1m, Kris Rybicki
59561.6600485;16.604344601821435;0.025846875908184522;CPCS;i(GaiaSP);LCOGT1m, Kris Rybicki
59561.6617309;16.592291945627405;0.02771764721624652;CPCS;i(GaiaSP);LCOGT1m, Kris Rybicki
59561.6634366;16.59733990035894;0.024754432365693885;CPCS;i(GaiaSP);LCOGT1m, Kris Rybicki
59580.072348;17.838;0.094;ATLAS;ATLAS(o);ATLAS
59580.089405;17.997;0.107;ATLAS;ATLAS(o);ATLAS
59580.09346;19.03;0.359;ATLAS;ATLAS(o);ATLAS
59580.093926;18.205;0.185;ATLAS;ATLAS(o);ATLAS
59580.101397;19.445;0.627;ATLAS;ATLAS(o);ATLAS
59583.36340274988;19.92183874729794;-1.0;CPCS;V(GaiaSP);ROAD_FLI-KAF-16803, Przemek Mikolajczyk
59583.36340274988;19.930062521378442;-1.0;CPCS;V(GaiaSP);ROAD_FLI-KAF-16803, Przemek Mikolajczyk
59583.36447917996;21.12890919126232;-1.0;CPCS;V(GaiaSP);ROAD_FLI-KAF-16803, Przemek Mikolajczyk
59583.36447917996;21.14540840353675;-1.0;CPCS;V(GaiaSP);ROAD_FLI-KAF-16803, Przemek Mikolajczyk
59583.36667823978;18.907440692586228;-1.0;CPCS;B(GaiaSP);ROAD_FLI-KAF-16803, Przemek Mikolajczyk
59583.36667823978;18.898613766043105;-1.0;CPCS;B(GaiaSP);ROAD_FLI-KAF-16803, Przemek Mikolajczyk
59584.34193000011;17.54;0.01997100866028184;Gaia Alerts;GSA(G);Gaia Alerts
59584.51808999991;17.51;0.019615527877010864;Gaia Alerts;GSA(G);Gaia Alerts
59584.51809999999;17.51;0.019615527877010864;Gaia Alerts;GSA(G);Gaia Alerts
59585.36498842016;20.219189725149356;-1.0;CPCS;V(GaiaSP);ROAD_FLI-KAF-16803, Przemek Mikolajczyk
59585.36498842016;20.21250086219384;-1.0;CPCS;V(GaiaSP);ROAD_FLI-KAF-16803, Przemek Mikolajczyk
59585.36642361013;20.50125480919881;-1.0;CPCS;V(GaiaSP);ROAD_FLI-KAF-16803, Przemek Mikolajczyk
59585.36642361013;20.509213507390342;-1.0;CPCS;V(GaiaSP);ROAD_FLI-KAF-16803, Przemek Mikolajczyk
59585.36788192019;17.018395304745766;-1.0;CPCS;B(GaiaSP);ROAD_FLI-KAF-16803, Przemek Mikolajczyk
59585.36788192019;17.034698874878977;-1.0;CPCS;B(GaiaSP);ROAD_FLI-KAF-16803, Przemek Mikolajczyk
59585.36930557992;19.936672764249046;-1.0;CPCS;B(GaiaSP);ROAD_FLI-KAF-16803, Przemek Mikolajczyk
59585.36930557992;19.9287997828785;-1.0;CPCS;B(GaiaSP);ROAD_FLI-KAF-16803, Przemek Mikolajczyk
59586.044171;18.972;0.217;ATLAS;ATLAS(c);ATLAS
59586.081861;18.633;0.154;ATLAS;ATLAS(c);ATLAS
59586.087006;19.057;0.214;ATLAS;ATLAS(c);ATLAS
59586.089802;19.228;0.253;ATLAS;ATLAS(c);ATLAS
59586.36475693993;17.875962049958776;-1.0;CPCS;I(GaiaSP);ROAD_FLI-KAF-16803, Przemek Mikolajczyk
59586.36475693993;17.86673070574183;-1.0;CPCS;I(GaiaSP);ROAD_FLI-KAF-16803, Przemek Mikolajczyk
59586.365844939835;17.81801690073506;-1.0;CPCS;I(GaiaSP);ROAD_FLI-KAF-16803, Przemek Mikolajczyk
59586.365844939835;17.824901079214612;-1.0;CPCS;I(GaiaSP);ROAD_FLI-KAF-16803, Przemek Mikolajczyk
59586.36712964997;19.581441008035526;-1.0;CPCS;V(GaiaSP);ROAD_FLI-KAF-16803, Przemek Mikolajczyk
59586.36712964997;19.57582266552153;-1.0;CPCS;V(GaiaSP);ROAD_FLI-KAF-16803, Przemek Mikolajczyk
59586.3685532501;19.408866931253304;-1.0;CPCS;V(GaiaSP);ROAD_FLI-KAF-16803, Przemek Mikolajczyk
59586.3685532501;19.40140534812316;-1.0;CPCS;V(GaiaSP);ROAD_FLI-KAF-16803, Przemek Mikolajczyk
59586.37002312997;19.154593021176144;-1.0;CPCS;B(GaiaSP);ROAD_FLI-KAF-16803, Przemek Mikolajczyk
59586.37002312997;19.17046276799873;-1.0;CPCS;B(GaiaSP);ROAD_FLI-KAF-16803, Przemek Mikolajczyk
59586.371446759906;18.8482372617926;-1.0;CPCS;B(GaiaSP);ROAD_FLI-KAF-16803, Przemek Mikolajczyk
59586.371446759906;18.860383108255654;-1.0;CPCS;B(GaiaSP);ROAD_FLI-KAF-16803, Przemek Mikolajczyk
59587.36554398993;18.842449176845083;-1.0;CPCS;I(GaiaSP);ROAD_FLI-KAF-16803, Przemek Mikolajczyk
59587.36554398993;18.843855879020605;-1.0;CPCS;I(GaiaSP);ROAD_FLI-KAF-16803, Przemek Mikolajczyk
59587.36606481997;24.574488738212146;-1.0;CPCS;I(GaiaSP);ROAD_FLI-KAF-16803, Przemek Mikolajczyk
59587.36606481997;24.57398649503035;-1.0;CPCS;I(GaiaSP);ROAD_FLI-KAF-16803, Przemek Mikolajczyk
59587.36662039021;23.265771356477504;-1.0;CPCS;I(GaiaSP);ROAD_FLI-KAF-16803, Przemek Mikolajczyk
59587.36662039021;23.264579699646642;-1.0;CPCS;I(GaiaSP);ROAD_FLI-KAF-16803, Przemek Mikolajczyk
59587.36790511012;21.083765991610555;-1.0;CPCS;V(GaiaSP);ROAD_FLI-KAF-16803, Przemek Mikolajczyk
59587.36790511012;17.725057011387154;0.21104933547294163;CPCS;V(GaiaSP);ROAD_FLI-KAF-16803, Przemek Mikolajczyk
59587.368599529844;24.169148785052506;-1.0;CPCS;V(GaiaSP);ROAD_FLI-KAF-16803, Przemek Mikolajczyk
59587.368599529844;24.16562946396843;-1.0;CPCS;V(GaiaSP);ROAD_FLI-KAF-16803, Przemek Mikolajczyk
59587.369328709785;20.140509081951677;-1.0;CPCS;V(GaiaSP);ROAD_FLI-KAF-16803, Przemek Mikolajczyk
59587.369328709785;20.134885666573176;-1.0;CPCS;V(GaiaSP);ROAD_FLI-KAF-16803, Przemek Mikolajczyk
59587.37078701984;20.720257715407197;-1.0;CPCS;B(GaiaSP);ROAD_FLI-KAF-16803, Przemek Mikolajczyk
59587.37078701984;20.728732075329088;-1.0;CPCS;B(GaiaSP);ROAD_FLI-KAF-16803, Przemek Mikolajczyk
59587.37148150988;26.209635843793663;-1.0;CPCS;B(GaiaSP);ROAD_FLI-KAF-16803, Przemek Mikolajczyk
59587.37148150988;26.189358815853453;-1.0;CPCS;B(GaiaSP);ROAD_FLI-KAF-16803, Przemek Mikolajczyk
59587.37221064977;23.370445314440786;-1.0;CPCS;B(GaiaSP);ROAD_FLI-KAF-16803, Przemek Mikolajczyk
59587.37221064977;23.365345590956903;-1.0;CPCS;B(GaiaSP);ROAD_FLI-KAF-16803, Przemek Mikolajczyk
59590.5916773;17.058587527513048;0.025596428893125592;CPCS;i(GaiaSP);LCOGT1m, Kris Rybicki
59590.5937425;17.04558797638637;0.03477681621036388;CPCS;i(GaiaSP);LCOGT1m, Kris Rybicki
59593.0317657;17.056938522820417;0.02487843618165507;CPCS;i(GaiaSP);LCOGT1m, Kris Rybicki
59593.0338058;17.07660071213608;0.02358329722872212;CPCS;i(GaiaSP);LCOGT1m, Kris Rybicki
59593.06799;19.125;0.257;ATLAS;ATLAS(o);ATLAS
59593.075975;19.131;0.254;ATLAS;ATLAS(o);ATLAS
59593.085645;17.892;0.065;ATLAS;ATLAS(o);ATLAS
59593.36898148013;18.38717998795226;-1.0;CPCS;I(GaiaSP);ROAD_FLI-KAF-16803, Przemek Mikolajczyk
59593.36898148013;18.34093939831083;-1.0;CPCS;I(GaiaSP);ROAD_FLI-KAF-16803, Przemek Mikolajczyk
59593.37006946979;21.95136235173149;-1.0;CPCS;I(GaiaSP);ROAD_FLI-KAF-16803, Przemek Mikolajczyk
59593.37006946979;21.980889688069908;-1.0;CPCS;I(GaiaSP);ROAD_FLI-KAF-16803, Przemek Mikolajczyk
59593.37135419017;21.838510512527872;-1.0;CPCS;V(GaiaSP);ROAD_FLI-KAF-16803, Przemek Mikolajczyk
59593.37135419017;21.827782161249498;-1.0;CPCS;V(GaiaSP);ROAD_FLI-KAF-16803, Przemek Mikolajczyk
59593.37278934987;26.22268043238336;-1.0;CPCS;V(GaiaSP);ROAD_FLI-KAF-16803, Przemek Mikolajczyk
59593.37278934987;26.20855707309604;-1.0;CPCS;V(GaiaSP);ROAD_FLI-KAF-16803, Przemek Mikolajczyk
59593.37425926002;16.61108470548106;-1.0;CPCS;B(GaiaSP);ROAD_FLI-KAF-16803, Przemek Mikolajczyk
59593.37425926002;16.612175656792118;-1.0;CPCS;B(GaiaSP);ROAD_FLI-KAF-16803, Przemek Mikolajczyk
59593.37568286015;20.4195725438724;-1.0;CPCS;B(GaiaSP);ROAD_FLI-KAF-16803, Przemek Mikolajczyk
59593.37568286015;20.40515469066723;-1.0;CPCS;B(GaiaSP);ROAD_FLI-KAF-16803, Przemek Mikolajczyk
59596.37208333984;17.8777648653412;-1.0;CPCS;I(GaiaSP);ROAD_FLI-KAF-16803, Przemek Mikolajczyk
59596.37208333984;17.883636628103233;-1.0;CPCS;I(GaiaSP);ROAD_FLI-KAF-16803, Przemek Mikolajczyk
59596.37336804997;19.337508827256276;-1.0;CPCS;V(GaiaSP);ROAD_FLI-KAF-16803, Przemek Mikolajczyk
59596.37336804997;19.31903076965156;-1.0;CPCS;V(GaiaSP);ROAD_FLI-KAF-16803, Przemek Mikolajczyk
59596.37480321014;21.137558001622686;-1.0;CPCS;V(GaiaSP);ROAD_FLI-KAF-16803, Przemek Mikolajczyk
59596.37480321014;21.129404918375972;-1.0;CPCS;V(GaiaSP);ROAD_FLI-KAF-16803, Przemek Mikolajczyk
59596.37768519018;20.086399649151826;-1.0;CPCS;B(GaiaSP);ROAD_FLI-KAF-16803, Przemek Mikolajczyk
59596.37768519018;20.101649363362256;-1.0;CPCS;B(GaiaSP);ROAD_FLI-KAF-16803, Przemek Mikolajczyk
59597.09979;19.913;0.802;ATLAS;ATLAS(o);ATLAS
59597.37276622979;22.59272533567597;-1.0;CPCS;I(GaiaSP);ROAD_FLI-KAF-16803, Przemek Mikolajczyk
59597.37276622979;22.614015871536928;-1.0;CPCS;I(GaiaSP);ROAD_FLI-KAF-16803, Przemek Mikolajczyk
59597.37405093992;21.426881257228118;-1.0;CPCS;V(GaiaSP);ROAD_FLI-KAF-16803, Przemek Mikolajczyk
59597.37405093992;21.436541194196163;-1.0;CPCS;V(GaiaSP);ROAD_FLI-KAF-16803, Przemek Mikolajczyk
59597.37547454005;19.890822943253518;-1.0;CPCS;V(GaiaSP);ROAD_FLI-KAF-16803, Przemek Mikolajczyk
59597.37547454005;19.914717019021673;-1.0;CPCS;V(GaiaSP);ROAD_FLI-KAF-16803, Przemek Mikolajczyk
59597.37693285989;16.583982344399896;-1.0;CPCS;B(GaiaSP);ROAD_FLI-KAF-16803, Przemek Mikolajczyk
59597.37693285989;16.571626116294354;-1.0;CPCS;B(GaiaSP);ROAD_FLI-KAF-16803, Przemek Mikolajczyk
59597.37835648982;16.215967942764927;-1.0;CPCS;B(GaiaSP);ROAD_FLI-KAF-16803, Przemek Mikolajczyk
59597.37835648982;16.25724270730246;-1.0;CPCS;B(GaiaSP);ROAD_FLI-KAF-16803, Przemek Mikolajczyk
59599.37243056018;17.713655131110382;-1.0;CPCS;I(GaiaSP);ROAD_FLI-KAF-16803, Przemek Mikolajczyk
59599.37243056018;17.703060103331747;-1.0;CPCS;I(GaiaSP);ROAD_FLI-KAF-16803, Przemek Mikolajczyk
59599.37351850001;15.944067562035988;0.35146518185466896;CPCS;I(GaiaSP);ROAD_FLI-KAF-16803, Przemek Mikolajczyk
59599.37351850001;20.272689156645054;-1.0;CPCS;I(GaiaSP);ROAD_FLI-KAF-16803, Przemek Mikolajczyk
59599.37480321014;19.31485599105661;-1.0;CPCS;V(GaiaSP);ROAD_FLI-KAF-16803, Przemek Mikolajczyk
59599.37480321014;19.328719569366505;-1.0;CPCS;V(GaiaSP);ROAD_FLI-KAF-16803, Przemek Mikolajczyk
59599.37622686988;20.08307684673434;-1.0;CPCS;V(GaiaSP);ROAD_FLI-KAF-16803, Przemek Mikolajczyk
59599.37622686988;20.076676180714557;-1.0;CPCS;V(GaiaSP);ROAD_FLI-KAF-16803, Przemek Mikolajczyk
59602.9310277;17.205691244145655;0.035552442884072055;CPCS;i(GaiaSP);LCOGT1m, Kris Rybicki
59604.37348377984;19.08657161602222;-1.0;CPCS;I(GaiaSP);ROAD_FLI-KAF-16803, Przemek Mikolajczyk
59604.37348377984;19.093441547383335;-1.0;CPCS;I(GaiaSP);ROAD_FLI-KAF-16803, Przemek Mikolajczyk
59604.37476853002;19.42228655103256;-1.0;CPCS;V(GaiaSP);ROAD_FLI-KAF-16803, Przemek Mikolajczyk
59604.37476853002;19.420345492168043;-1.0;CPCS;V(GaiaSP);ROAD_FLI-KAF-16803, Przemek Mikolajczyk
59604.931527;17.216072438083977;0.036050121491672374;CPCS;i(GaiaSP);LCOGT1m, Kris Rybicki
59604.933567;17.211238741866097;0.03322427320255567;CPCS;i(GaiaSP);LCOGT1m, Kris Rybicki
59605.37310185982;18.426482647616577;-1.0;CPCS;I(GaiaSP);ROAD_FLI-KAF-16803, Przemek Mikolajczyk
59605.37310185982;18.424850480970044;-1.0;CPCS;I(GaiaSP);ROAD_FLI-KAF-16803, Przemek Mikolajczyk
59605.37418982014;18.074477920287343;-1.0;CPCS;I(GaiaSP);ROAD_FLI-KAF-16803, Przemek Mikolajczyk
59605.37418982014;18.074922780158328;-1.0;CPCS;I(GaiaSP);ROAD_FLI-KAF-16803, Przemek Mikolajczyk
59605.37547454005;19.739014914689296;-1.0;CPCS;V(GaiaSP);ROAD_FLI-KAF-16803, Przemek Mikolajczyk
59605.37547454005;18.07300730630337;0.14242755578926863;CPCS;V(GaiaSP);ROAD_FLI-KAF-16803, Przemek Mikolajczyk
59605.37689814018;18.174286529404423;0.16153129290656285;CPCS;V(GaiaSP);ROAD_FLI-KAF-16803, Przemek Mikolajczyk
59605.37689814018;19.874134173142142;-1.0;CPCS;V(GaiaSP);ROAD_FLI-KAF-16803, Przemek Mikolajczyk
59606.1718507;17.19753514871698;0.03407903770891159;CPCS;i(GaiaSP);LCOGT1m, Kris Rybicki
59606.1738909;17.214420818744586;0.03348774244125752;CPCS;i(GaiaSP);LCOGT1m, Kris Rybicki
59606.383483800106;16.340705623133545;0.31835804078754903;CPCS;I(GaiaSP);ROAD_FLI-KAF-16803, Przemek Mikolajczyk
59606.383483800106;17.194293095672794;-1.0;CPCS;I(GaiaSP);ROAD_FLI-KAF-16803, Przemek Mikolajczyk
59606.38457175996;16.996344852882526;-1.0;CPCS;I(GaiaSP);ROAD_FLI-KAF-16803, Przemek Mikolajczyk
59606.38457175996;17.000990618726764;-1.0;CPCS;I(GaiaSP);ROAD_FLI-KAF-16803, Przemek Mikolajczyk
59606.38585647987;17.619586210983144;0.2661546096024282;CPCS;V(GaiaSP);ROAD_FLI-KAF-16803, Przemek Mikolajczyk
59606.38585647987;18.561335527061853;-1.0;CPCS;V(GaiaSP);ROAD_FLI-KAF-16803, Przemek Mikolajczyk
59606.387280109804;17.637559719517846;0.3125907283334853;CPCS;V(GaiaSP);ROAD_FLI-KAF-16803, Przemek Mikolajczyk
59606.387280109804;18.38204518836747;-1.0;CPCS;V(GaiaSP);ROAD_FLI-KAF-16803, Przemek Mikolajczyk
59607.380671290215;16.66648432524458;-1.0;CPCS;I(GaiaSP);ROAD_FLI-KAF-16803, Przemek Mikolajczyk
59607.380671290215;16.688588568853632;-1.0;CPCS;I(GaiaSP);ROAD_FLI-KAF-16803, Przemek Mikolajczyk
59607.38303240994;18.730739099610144;-1.0;CPCS;V(GaiaSP);ROAD_FLI-KAF-16803, Przemek Mikolajczyk
59607.38303240994;18.711377090155217;-1.0;CPCS;V(GaiaSP);ROAD_FLI-KAF-16803, Przemek Mikolajczyk
59607.38446759991;18.408619128963778;-1.0;CPCS;V(GaiaSP);ROAD_FLI-KAF-16803, Przemek Mikolajczyk
59607.38446759991;18.40122241073827;-1.0;CPCS;V(GaiaSP);ROAD_FLI-KAF-16803, Przemek Mikolajczyk
59608.025028;19.261;0.239;ATLAS;ATLAS(c);ATLAS
59608.02915;19.156;0.215;ATLAS;ATLAS(c);ATLAS
59608.051179;19.981;0.475;ATLAS;ATLAS(c);ATLAS
59608.05811;20.524;0.663;ATLAS;ATLAS(c);ATLAS
59608.062233;19.561;0.302;ATLAS;ATLAS(c);ATLAS
59608.38148149988;16.610677454350814;0.29536348647864763;CPCS;I(GaiaSP);ROAD_FLI-KAF-16803, Przemek Mikolajczyk
59608.38256942993;17.289689031754307;-1.0;CPCS;I(GaiaSP);ROAD_FLI-KAF-16803, Przemek Mikolajczyk
59608.38256942993;17.297996331263796;-1.0;CPCS;I(GaiaSP);ROAD_FLI-KAF-16803, Przemek Mikolajczyk
59608.38385414984;18.468701794136162;0.21619562461877573;CPCS;V(GaiaSP);ROAD_FLI-KAF-16803, Przemek Mikolajczyk
59608.38385414984;19.307102509548173;-1.0;CPCS;V(GaiaSP);ROAD_FLI-KAF-16803, Przemek Mikolajczyk
59608.385289339814;19.13580934700456;-1.0;CPCS;V(GaiaSP);ROAD_FLI-KAF-16803, Przemek Mikolajczyk
59608.385289339814;19.132137651253885;-1.0;CPCS;V(GaiaSP);ROAD_FLI-KAF-16803, Przemek Mikolajczyk
59609.38208332984;16.868389214772392;-1.0;CPCS;I(GaiaSP);ROAD_FLI-KAF-16803, Przemek Mikolajczyk
59609.38208332984;16.884247499767756;-1.0;CPCS;I(GaiaSP);ROAD_FLI-KAF-16803, Przemek Mikolajczyk
59609.38315973012;17.046504562035047;-1.0;CPCS;I(GaiaSP);ROAD_FLI-KAF-16803, Przemek Mikolajczyk
59609.38315973012;17.031625367324676;-1.0;CPCS;I(GaiaSP);ROAD_FLI-KAF-16803, Przemek Mikolajczyk
59609.38445601007;18.850483738971704;-1.0;CPCS;V(GaiaSP);ROAD_FLI-KAF-16803, Przemek Mikolajczyk
59609.38445601007;18.83866280775946;-1.0;CPCS;V(GaiaSP);ROAD_FLI-KAF-16803, Przemek Mikolajczyk
59609.38587964;18.723118654661757;-1.0;CPCS;V(GaiaSP);ROAD_FLI-KAF-16803, Przemek Mikolajczyk
59609.38587964;18.732014732652008;-1.0;CPCS;V(GaiaSP);ROAD_FLI-KAF-16803, Przemek Mikolajczyk
59609.83498999989;17.85;0.024043628000069397;Gaia Alerts;GSA(G);Gaia Alerts
59609.83499999996;17.85;0.024043628000069397;Gaia Alerts;GSA(G);Gaia Alerts
59610.38283566013;17.192442062861815;-1.0;CPCS;I(GaiaSP);ROAD_FLI-KAF-16803, Przemek Mikolajczyk
59610.38283566013;17.198094858095153;-1.0;CPCS;I(GaiaSP);ROAD_FLI-KAF-16803, Przemek Mikolajczyk
59610.383912059944;16.167959223415252;0.23668525061391654;CPCS;I(GaiaSP);ROAD_FLI-KAF-16803, Przemek Mikolajczyk
59610.385208339896;18.153216116354933;0.17790261672591948;CPCS;V(GaiaSP);ROAD_FLI-KAF-16803, Przemek Mikolajczyk
59610.385208339896;19.328942730572486;-1.0;CPCS;V(GaiaSP);ROAD_FLI-KAF-16803, Przemek Mikolajczyk
59610.386631940026;17.919945794054676;0.20904692063073793;CPCS;V(GaiaSP);ROAD_FLI-KAF-16803, Przemek Mikolajczyk
59611.38357638987;16.74666349960702;-1.0;CPCS;I(GaiaSP);ROAD_FLI-KAF-16803, Przemek Mikolajczyk
59611.38357638987;16.73779828161074;-1.0;CPCS;I(GaiaSP);ROAD_FLI-KAF-16803, Przemek Mikolajczyk
59611.38465275988;16.739243038727995;-1.0;CPCS;I(GaiaSP);ROAD_FLI-KAF-16803, Przemek Mikolajczyk
59611.38465275988;16.745747341765487;-1.0;CPCS;I(GaiaSP);ROAD_FLI-KAF-16803, Przemek Mikolajczyk
59611.385949050076;19.153410758542517;-1.0;CPCS;V(GaiaSP);ROAD_FLI-KAF-16803, Przemek Mikolajczyk
59611.385949050076;19.160472229005865;-1.0;CPCS;V(GaiaSP);ROAD_FLI-KAF-16803, Przemek Mikolajczyk
59611.38737270003;18.52054121024294;-1.0;CPCS;V(GaiaSP);ROAD_FLI-KAF-16803, Przemek Mikolajczyk
59611.38737270003;18.51475735134921;-1.0;CPCS;V(GaiaSP);ROAD_FLI-KAF-16803, Przemek Mikolajczyk
59612.38431712985;22.13541449882687;-1.0;CPCS;I(GaiaSP);ROAD_FLI-KAF-16803, Przemek Mikolajczyk
59612.38431712985;22.10706251414717;-1.0;CPCS;I(GaiaSP);ROAD_FLI-KAF-16803, Przemek Mikolajczyk
59612.38667825004;18.43935596821611;-1.0;CPCS;V(GaiaSP);ROAD_FLI-KAF-16803, Przemek Mikolajczyk
59612.38667825004;18.430269916982574;-1.0;CPCS;V(GaiaSP);ROAD_FLI-KAF-16803, Przemek Mikolajczyk
59612.38811341021;18.354692808424996;-1.0;CPCS;V(GaiaSP);ROAD_FLI-KAF-16803, Przemek Mikolajczyk
59612.38811341021;18.348179811899314;-1.0;CPCS;V(GaiaSP);ROAD_FLI-KAF-16803, Przemek Mikolajczyk
59613.38423610013;15.553569221651134;-1.0;CPCS;I(GaiaSP);ROAD_FLI-KAF-16803, Przemek Mikolajczyk
59613.38423610013;15.575237118079897;-1.0;CPCS;I(GaiaSP);ROAD_FLI-KAF-16803, Przemek Mikolajczyk
59613.38531253021;18.069600225255144;-1.0;CPCS;I(GaiaSP);ROAD_FLI-KAF-16803, Przemek Mikolajczyk
59613.38531253021;18.07512349407204;-1.0;CPCS;I(GaiaSP);ROAD_FLI-KAF-16803, Przemek Mikolajczyk
59613.386608810164;19.755973113114454;-1.0;CPCS;V(GaiaSP);ROAD_FLI-KAF-16803, Przemek Mikolajczyk
59613.386608810164;19.759941733071756;-1.0;CPCS;V(GaiaSP);ROAD_FLI-KAF-16803, Przemek Mikolajczyk
59613.38803240983;19.493246129022438;-1.0;CPCS;V(GaiaSP);ROAD_FLI-KAF-16803, Przemek Mikolajczyk
59613.38803240983;19.490057824771306;-1.0;CPCS;V(GaiaSP);ROAD_FLI-KAF-16803, Przemek Mikolajczyk
59614.028407;19.603;0.247;ATLAS;ATLAS(c);ATLAS
59614.089801;19.676;0.296;ATLAS;ATLAS(c);ATLAS
59614.38504627021;16.493887139924368;0.20035535213901637;CPCS;I(GaiaSP);ROAD_FLI-KAF-16803, Przemek Mikolajczyk
59614.38504627021;17.86587842004072;-1.0;CPCS;I(GaiaSP);ROAD_FLI-KAF-16803, Przemek Mikolajczyk
59614.38612269983;16.236328324073707;0.14828878419612626;CPCS;I(GaiaSP);ROAD_FLI-KAF-16803, Przemek Mikolajczyk
59614.38612269983;17.73828845165793;-1.0;CPCS;I(GaiaSP);ROAD_FLI-KAF-16803, Przemek Mikolajczyk
59614.38741899002;19.60871621994937;-1.0;CPCS;V(GaiaSP);ROAD_FLI-KAF-16803, Przemek Mikolajczyk
59614.38741899002;18.234540121676105;0.22333169287109603;CPCS;V(GaiaSP);ROAD_FLI-KAF-16803, Przemek Mikolajczyk
59614.38884257991;18.44847811082597;0.20320141704673883;CPCS;V(GaiaSP);ROAD_FLI-KAF-16803, Przemek Mikolajczyk
59614.38884257991;19.501345401201096;-1.0;CPCS;V(GaiaSP);ROAD_FLI-KAF-16803, Przemek Mikolajczyk
59615.38563656993;16.766248137605732;0.18364338778749048;CPCS;I(GaiaSP);ROAD_FLI-KAF-16803, Przemek Mikolajczyk
59615.38563656993;18.098292423381835;-1.0;CPCS;I(GaiaSP);ROAD_FLI-KAF-16803, Przemek Mikolajczyk
59615.386724560056;16.543947973151983;0.1518904433981948;CPCS;I(GaiaSP);ROAD_FLI-KAF-16803, Przemek Mikolajczyk
59615.386724560056;18.201202596677177;-1.0;CPCS;I(GaiaSP);ROAD_FLI-KAF-16803, Przemek Mikolajczyk
59615.388009279966;18.209181265112726;0.13440433510049868;CPCS;V(GaiaSP);ROAD_FLI-KAF-16803, Przemek Mikolajczyk
59615.388009279966;19.956478824964826;-1.0;CPCS;V(GaiaSP);ROAD_FLI-KAF-16803, Przemek Mikolajczyk
59615.38944444014;18.4081983267469;0.17411422349332703;CPCS;V(GaiaSP);ROAD_FLI-KAF-16803, Przemek Mikolajczyk
59615.38944444014;19.601937108960986;-1.0;CPCS;V(GaiaSP);ROAD_FLI-KAF-16803, Przemek Mikolajczyk
59616.3864004598;18.26131213403364;-1.0;CPCS;I(GaiaSP);ROAD_FLI-KAF-16803, Przemek Mikolajczyk
59616.3864004598;16.95072459957623;0.20122332320000721;CPCS;I(GaiaSP);ROAD_FLI-KAF-16803, Przemek Mikolajczyk
59616.38747682981;16.727004723242434;0.19588942756485972;CPCS;I(GaiaSP);ROAD_FLI-KAF-16803, Przemek Mikolajczyk
59616.388773169834;18.233803795943363;0.2114134913656907;CPCS;V(GaiaSP);ROAD_FLI-KAF-16803, Przemek Mikolajczyk
59616.388773169834;20.32009830881996;-1.0;CPCS;V(GaiaSP);ROAD_FLI-KAF-16803, Przemek Mikolajczyk
59616.390196769964;19.591284719254695;-1.0;CPCS;V(GaiaSP);ROAD_FLI-KAF-16803, Przemek Mikolajczyk
59616.390196769964;18.45787012553368;0.25706650590890234;CPCS;V(GaiaSP);ROAD_FLI-KAF-16803, Przemek Mikolajczyk
59617.39496529009;17.39984992241327;-1.0;CPCS;I(GaiaSP);ROAD_FLI-KAF-16803, Przemek Mikolajczyk
59617.39496529009;17.394939350994008;-1.0;CPCS;I(GaiaSP);ROAD_FLI-KAF-16803, Przemek Mikolajczyk
59617.396053229924;17.444404891726712;-1.0;CPCS;I(GaiaSP);ROAD_FLI-KAF-16803, Przemek Mikolajczyk
59617.396053229924;17.43839081219961;-1.0;CPCS;I(GaiaSP);ROAD_FLI-KAF-16803, Przemek Mikolajczyk
59617.397337940056;18.78097206693857;-1.0;CPCS;V(GaiaSP);ROAD_FLI-KAF-16803, Przemek Mikolajczyk
59617.397337940056;18.774113471590226;-1.0;CPCS;V(GaiaSP);ROAD_FLI-KAF-16803, Przemek Mikolajczyk
59617.39876159979;18.642815562856068;-1.0;CPCS;V(GaiaSP);ROAD_FLI-KAF-16803, Przemek Mikolajczyk
59617.39876159979;18.63029014538685;-1.0;CPCS;V(GaiaSP);ROAD_FLI-KAF-16803, Przemek Mikolajczyk
59617.954517;21.032;0.935;ATLAS;ATLAS(c);ATLAS
59617.970571;20.502;0.621;ATLAS;ATLAS(c);ATLAS
59618.396296290215;17.404963601108047;-1.0;CPCS;I(GaiaSP);ROAD_FLI-KAF-16803, Przemek Mikolajczyk
59618.396296290215;16.272493552539576;0.20846933119283476;CPCS;I(GaiaSP);ROAD_FLI-KAF-16803, Przemek Mikolajczyk
59618.39738425985;17.20731373143539;-1.0;CPCS;I(GaiaSP);ROAD_FLI-KAF-16803, Przemek Mikolajczyk
59618.39738425985;16.363397970879614;0.31542912058588807;CPCS;I(GaiaSP);ROAD_FLI-KAF-16803, Przemek Mikolajczyk
59618.39866896998;18.743031448709406;-1.0;CPCS;V(GaiaSP);ROAD_FLI-KAF-16803, Przemek Mikolajczyk
59618.39866896998;18.734426933543723;-1.0;CPCS;V(GaiaSP);ROAD_FLI-KAF-16803, Przemek Mikolajczyk
59618.400104159955;18.42767451881373;-1.0;CPCS;V(GaiaSP);ROAD_FLI-KAF-16803, Przemek Mikolajczyk
59618.400104159955;18.41712308801318;-1.0;CPCS;V(GaiaSP);ROAD_FLI-KAF-16803, Przemek Mikolajczyk
59619.3934837901;17.964842062825014;-1.0;CPCS;I(GaiaSP);ROAD_FLI-KAF-16803, Przemek Mikolajczyk
59619.3934837901;17.957583337844987;-1.0;CPCS;I(GaiaSP);ROAD_FLI-KAF-16803, Przemek Mikolajczyk
59619.39456018992;17.93157113571889;-1.0;CPCS;I(GaiaSP);ROAD_FLI-KAF-16803, Przemek Mikolajczyk
59619.39456018992;17.932932985249526;-1.0;CPCS;I(GaiaSP);ROAD_FLI-KAF-16803, Przemek Mikolajczyk
59619.39585650014;19.600743730063094;-1.0;CPCS;V(GaiaSP);ROAD_FLI-KAF-16803, Przemek Mikolajczyk
59619.39585650014;19.594872349970164;-1.0;CPCS;V(GaiaSP);ROAD_FLI-KAF-16803, Przemek Mikolajczyk
59619.3972800998;19.464840699629708;-1.0;CPCS;V(GaiaSP);ROAD_FLI-KAF-16803, Przemek Mikolajczyk
59619.3972800998;19.46757526155076;-1.0;CPCS;V(GaiaSP);ROAD_FLI-KAF-16803, Przemek Mikolajczyk
59620.39346062997;17.468185910397747;-1.0;CPCS;I(GaiaSP);ROAD_FLI-KAF-16803, Przemek Mikolajczyk
59620.39346062997;17.474545384789582;-1.0;CPCS;I(GaiaSP);ROAD_FLI-KAF-16803, Przemek Mikolajczyk
59620.394537060056;17.310888684832666;-1.0;CPCS;I(GaiaSP);ROAD_FLI-KAF-16803, Przemek Mikolajczyk
59620.394537060056;17.30216665568978;-1.0;CPCS;I(GaiaSP);ROAD_FLI-KAF-16803, Przemek Mikolajczyk
59620.395821779966;17.87755356232694;0.19216105191139263;CPCS;V(GaiaSP);ROAD_FLI-KAF-16803, Przemek Mikolajczyk
59620.395821779966;19.171888902871718;-1.0;CPCS;V(GaiaSP);ROAD_FLI-KAF-16803, Przemek Mikolajczyk
59620.39725694014;18.961161106534693;-1.0;CPCS;V(GaiaSP);ROAD_FLI-KAF-16803, Przemek Mikolajczyk
59620.39725694014;18.965809160677974;-1.0;CPCS;V(GaiaSP);ROAD_FLI-KAF-16803, Przemek Mikolajczyk
59621.38777778018;18.025915324984798;-1.0;CPCS;I(GaiaSP);ROAD_FLI-KAF-16803, Przemek Mikolajczyk
59621.38777778018;16.682798869319836;0.17007560640364927;CPCS;I(GaiaSP);ROAD_FLI-KAF-16803, Przemek Mikolajczyk
59621.38886574004;17.942498275628996;-1.0;CPCS;I(GaiaSP);ROAD_FLI-KAF-16803, Przemek Mikolajczyk
59621.38886574004;17.94073420192566;-1.0;CPCS;I(GaiaSP);ROAD_FLI-KAF-16803, Przemek Mikolajczyk
59621.39015045995;18.399352261617373;0.15060452071622032;CPCS;V(GaiaSP);ROAD_FLI-KAF-16803, Przemek Mikolajczyk
59621.39158568019;18.3949466944732;0.20241556752990325;CPCS;V(GaiaSP);ROAD_FLI-KAF-16803, Przemek Mikolajczyk
59622.060093;19.392;0.24;ATLAS;ATLAS(c);ATLAS
59622.063745;19.809;0.388;ATLAS;ATLAS(c);ATLAS
59622.069223;19.636;0.27;ATLAS;ATLAS(c);ATLAS
59622.3816550998;18.158585831435822;-1.0;CPCS;I(GaiaSP);ROAD_FLI-KAF-16803, Przemek Mikolajczyk
59622.3816550998;18.154708974709035;-1.0;CPCS;I(GaiaSP);ROAD_FLI-KAF-16803, Przemek Mikolajczyk
59622.382731469814;16.65429628192417;0.15711688311511238;CPCS;I(GaiaSP);ROAD_FLI-KAF-16803, Przemek Mikolajczyk
59622.382731469814;18.17360701676091;-1.0;CPCS;I(GaiaSP);ROAD_FLI-KAF-16803, Przemek Mikolajczyk
59622.38402775023;18.145660372501723;0.142847131122824;CPCS;V(GaiaSP);ROAD_FLI-KAF-16803, Przemek Mikolajczyk
59622.38402775023;19.86281343031002;-1.0;CPCS;V(GaiaSP);ROAD_FLI-KAF-16803, Przemek Mikolajczyk
59622.385451409966;18.51796083138092;0.22196535010682164;CPCS;V(GaiaSP);ROAD_FLI-KAF-16803, Przemek Mikolajczyk
59622.385451409966;19.898259024518467;-1.0;CPCS;V(GaiaSP);ROAD_FLI-KAF-16803, Przemek Mikolajczyk
59623.38243055018;16.633449985826246;0.14780156547721046;CPCS;I(GaiaSP);ROAD_FLI-KAF-16803, Przemek Mikolajczyk
59623.38351855008;18.283241583907586;-1.0;CPCS;I(GaiaSP);ROAD_FLI-KAF-16803, Przemek Mikolajczyk
59623.38351855008;16.59660541724886;0.13094343798380262;CPCS;I(GaiaSP);ROAD_FLI-KAF-16803, Przemek Mikolajczyk
59623.38480326021;20.145572387272836;-1.0;CPCS;V(GaiaSP);ROAD_FLI-KAF-16803, Przemek Mikolajczyk
59623.38480326021;18.535266671651726;0.22863631916475669;CPCS;V(GaiaSP);ROAD_FLI-KAF-16803, Przemek Mikolajczyk
59623.386226859875;18.352562580475578;0.1587746213286021;CPCS;V(GaiaSP);ROAD_FLI-KAF-16803, Przemek Mikolajczyk
59623.386226859875;20.003972225129974;-1.0;CPCS;V(GaiaSP);ROAD_FLI-KAF-16803, Przemek Mikolajczyk
59624.38313659979;16.626879841370968;0.16401270663403023;CPCS;I(GaiaSP);ROAD_FLI-KAF-16803, Przemek Mikolajczyk
59624.38313659979;18.121222413617154;-1.0;CPCS;I(GaiaSP);ROAD_FLI-KAF-16803, Przemek Mikolajczyk
59624.384224529844;16.38250859868639;0.16029520897926566;CPCS;I(GaiaSP);ROAD_FLI-KAF-16803, Przemek Mikolajczyk
59624.384224529844;18.19604917779949;-1.0;CPCS;I(GaiaSP);ROAD_FLI-KAF-16803, Przemek Mikolajczyk
59624.385532409884;19.82573423989461;-1.0;CPCS;V(GaiaSP);ROAD_FLI-KAF-16803, Przemek Mikolajczyk
59624.385532409884;19.82230769290599;-1.0;CPCS;V(GaiaSP);ROAD_FLI-KAF-16803, Przemek Mikolajczyk
59624.38697919017;18.337840541109216;0.16325878835894025;CPCS;V(GaiaSP);ROAD_FLI-KAF-16803, Przemek Mikolajczyk
59624.38697919017;20.08781878234725;-1.0;CPCS;V(GaiaSP);ROAD_FLI-KAF-16803, Przemek Mikolajczyk
59625.38332176022;18.142663861247282;-1.0;CPCS;I(GaiaSP);ROAD_FLI-KAF-16803, Przemek Mikolajczyk
59625.38332176022;18.138966305562317;-1.0;CPCS;I(GaiaSP);ROAD_FLI-KAF-16803, Przemek Mikolajczyk
59625.384409700055;17.024002613559645;0.25650794685712025;CPCS;I(GaiaSP);ROAD_FLI-KAF-16803, Przemek Mikolajczyk
59625.384409700055;18.638252723585826;-1.0;CPCS;I(GaiaSP);ROAD_FLI-KAF-16803, Przemek Mikolajczyk
59625.38571760012;18.89381668042704;0.292131415544368;CPCS;V(GaiaSP);ROAD_FLI-KAF-16803, Przemek Mikolajczyk
59625.38571760012;19.95906096335619;-1.0;CPCS;V(GaiaSP);ROAD_FLI-KAF-16803, Przemek Mikolajczyk
59625.38715279009;20.060423134618926;-1.0;CPCS;V(GaiaSP);ROAD_FLI-KAF-16803, Przemek Mikolajczyk
59625.38715279009;18.247302833848924;0.17174716102791915;CPCS;V(GaiaSP);ROAD_FLI-KAF-16803, Przemek Mikolajczyk
59626.38383101998;17.922848786263124;-1.0;CPCS;I(GaiaSP);ROAD_FLI-KAF-16803, Przemek Mikolajczyk
59626.38383101998;17.924829994169883;-1.0;CPCS;I(GaiaSP);ROAD_FLI-KAF-16803, Przemek Mikolajczyk
59626.38490738999;17.82763085606245;-1.0;CPCS;I(GaiaSP);ROAD_FLI-KAF-16803, Przemek Mikolajczyk
59626.38490738999;17.823395850467872;-1.0;CPCS;I(GaiaSP);ROAD_FLI-KAF-16803, Przemek Mikolajczyk
59626.3861921099;19.103063822159644;-1.0;CPCS;V(GaiaSP);ROAD_FLI-KAF-16803, Przemek Mikolajczyk
59626.3861921099;19.108979673782212;-1.0;CPCS;V(GaiaSP);ROAD_FLI-KAF-16803, Przemek Mikolajczyk
59626.3876157701;19.142600806410027;-1.0;CPCS;V(GaiaSP);ROAD_FLI-KAF-16803, Przemek Mikolajczyk
59626.3876157701;17.944386171442858;0.23346932465958714;CPCS;V(GaiaSP);ROAD_FLI-KAF-16803, Przemek Mikolajczyk
59627.38116898993;17.98232017396997;-1.0;CPCS;I(GaiaSP);ROAD_FLI-KAF-16803, Przemek Mikolajczyk
59627.38116898993;17.98180102523928;-1.0;CPCS;I(GaiaSP);ROAD_FLI-KAF-16803, Przemek Mikolajczyk
59627.382256949786;18.09159586318402;-1.0;CPCS;I(GaiaSP);ROAD_FLI-KAF-16803, Przemek Mikolajczyk
59627.382256949786;18.086120951635323;-1.0;CPCS;I(GaiaSP);ROAD_FLI-KAF-16803, Przemek Mikolajczyk
59627.38355323998;19.10154216543213;-1.0;CPCS;V(GaiaSP);ROAD_FLI-KAF-16803, Przemek Mikolajczyk
59627.38355323998;19.10519213805388;-1.0;CPCS;V(GaiaSP);ROAD_FLI-KAF-16803, Przemek Mikolajczyk
59627.384988429956;17.925541905538314;0.2973273271969265;CPCS;V(GaiaSP);ROAD_FLI-KAF-16803, Przemek Mikolajczyk
59627.384988429956;19.097928220300876;-1.0;CPCS;V(GaiaSP);ROAD_FLI-KAF-16803, Przemek Mikolajczyk
59628.38160880981;17.802631741570437;-1.0;CPCS;I(GaiaSP);ROAD_FLI-KAF-16803, Przemek Mikolajczyk
59628.38160880981;16.944297050779245;0.2885206456780199;CPCS;I(GaiaSP);ROAD_FLI-KAF-16803, Przemek Mikolajczyk
59628.38270833995;16.55054242929697;0.19673531202111136;CPCS;I(GaiaSP);ROAD_FLI-KAF-16803, Przemek Mikolajczyk
59628.38270833995;17.869154524150293;-1.0;CPCS;I(GaiaSP);ROAD_FLI-KAF-16803, Przemek Mikolajczyk
59628.38399305986;18.247566128080578;0.3098269705659297;CPCS;V(GaiaSP);ROAD_FLI-KAF-16803, Przemek Mikolajczyk
59628.38399305986;19.14556686658632;-1.0;CPCS;V(GaiaSP);ROAD_FLI-KAF-16803, Przemek Mikolajczyk
59628.385428220034;19.266370490606988;-1.0;CPCS;V(GaiaSP);ROAD_FLI-KAF-16803, Przemek Mikolajczyk
59628.385428220034;19.25928777559419;-1.0;CPCS;V(GaiaSP);ROAD_FLI-KAF-16803, Przemek Mikolajczyk
59629.38251159014;17.833828455321253;-1.0;CPCS;I(GaiaSP);ROAD_FLI-KAF-16803, Przemek Mikolajczyk
59629.38251159014;17.832588470630586;-1.0;CPCS;I(GaiaSP);ROAD_FLI-KAF-16803, Przemek Mikolajczyk
59629.383599520195;17.82275419697632;-1.0;CPCS;I(GaiaSP);ROAD_FLI-KAF-16803, Przemek Mikolajczyk
59629.383599520195;16.65443237030159;0.2271778823544641;CPCS;I(GaiaSP);ROAD_FLI-KAF-16803, Przemek Mikolajczyk
59629.38489582995;19.056960880204425;-1.0;CPCS;V(GaiaSP);ROAD_FLI-KAF-16803, Przemek Mikolajczyk
59629.38489582995;19.073701139440388;-1.0;CPCS;V(GaiaSP);ROAD_FLI-KAF-16803, Przemek Mikolajczyk
59629.38631943008;17.95120323082564;0.25560238599652957;CPCS;V(GaiaSP);ROAD_FLI-KAF-16803, Przemek Mikolajczyk
59629.38631943008;19.124113076201443;-1.0;CPCS;V(GaiaSP);ROAD_FLI-KAF-16803, Przemek Mikolajczyk
59630.3822337701;18.014891226193228;-1.0;CPCS;I(GaiaSP);ROAD_FLI-KAF-16803, Przemek Mikolajczyk
59630.3822337701;18.013186681003607;-1.0;CPCS;I(GaiaSP);ROAD_FLI-KAF-16803, Przemek Mikolajczyk
59630.38332176022;16.683866811139026;0.25580153161984726;CPCS;I(GaiaSP);ROAD_FLI-KAF-16803, Przemek Mikolajczyk
59630.38332176022;18.140945393731982;-1.0;CPCS;I(GaiaSP);ROAD_FLI-KAF-16803, Przemek Mikolajczyk
59630.384618040174;19.336870568595266;-1.0;CPCS;V(GaiaSP);ROAD_FLI-KAF-16803, Przemek Mikolajczyk
59630.384618040174;19.33156739791545;-1.0;CPCS;V(GaiaSP);ROAD_FLI-KAF-16803, Przemek Mikolajczyk
59630.38605323015;19.35863796666026;-1.0;CPCS;V(GaiaSP);ROAD_FLI-KAF-16803, Przemek Mikolajczyk
59630.38605323015;17.984761416287576;0.1775707492127865;CPCS;V(GaiaSP);ROAD_FLI-KAF-16803, Przemek Mikolajczyk
59631.38295138022;17.884362525865097;-1.0;CPCS;I(GaiaSP);ROAD_FLI-KAF-16803, Przemek Mikolajczyk
59631.38295138022;17.8852498537351;-1.0;CPCS;I(GaiaSP);ROAD_FLI-KAF-16803, Przemek Mikolajczyk
59631.38403936988;17.970499401036843;-1.0;CPCS;I(GaiaSP);ROAD_FLI-KAF-16803, Przemek Mikolajczyk
59631.38403936988;17.966266385482687;-1.0;CPCS;I(GaiaSP);ROAD_FLI-KAF-16803, Przemek Mikolajczyk
59631.38532408979;18.334417897978938;0.22658374302766493;CPCS;V(GaiaSP);ROAD_FLI-KAF-16803, Przemek Mikolajczyk
59631.38532408979;19.340309871325964;-1.0;CPCS;V(GaiaSP);ROAD_FLI-KAF-16803, Przemek Mikolajczyk
59631.38675924996;19.37038560313055;-1.0;CPCS;V(GaiaSP);ROAD_FLI-KAF-16803, Przemek Mikolajczyk
59631.38675924996;19.368758502747234;-1.0;CPCS;V(GaiaSP);ROAD_FLI-KAF-16803, Przemek Mikolajczyk
59632.256328;19.203;0.312;ATLAS;ATLAS(o);ATLAS
59632.383599520195;18.26778080986556;-1.0;CPCS;I(GaiaSP);ROAD_FLI-KAF-16803, Przemek Mikolajczyk
59632.383599520195;18.272307139660793;-1.0;CPCS;I(GaiaSP);ROAD_FLI-KAF-16803, Przemek Mikolajczyk
59632.38467594981;16.778996916568726;0.2582036780188135;CPCS;I(GaiaSP);ROAD_FLI-KAF-16803, Przemek Mikolajczyk
59632.38467594981;17.907744173511468;-1.0;CPCS;I(GaiaSP);ROAD_FLI-KAF-16803, Przemek Mikolajczyk
59632.38597223023;19.532848916214068;-1.0;CPCS;V(GaiaSP);ROAD_FLI-KAF-16803, Przemek Mikolajczyk
59632.38597223023;19.528382493847086;-1.0;CPCS;V(GaiaSP);ROAD_FLI-KAF-16803, Przemek Mikolajczyk
59632.387395829894;19.57628421057909;-1.0;CPCS;V(GaiaSP);ROAD_FLI-KAF-16803, Przemek Mikolajczyk
59632.387395829894;19.579508096086474;-1.0;CPCS;V(GaiaSP);ROAD_FLI-KAF-16803, Przemek Mikolajczyk
59633.384270819835;17.915889175950586;-1.0;CPCS;I(GaiaSP);ROAD_FLI-KAF-16803, Przemek Mikolajczyk
59633.384270819835;17.914372908829836;-1.0;CPCS;I(GaiaSP);ROAD_FLI-KAF-16803, Przemek Mikolajczyk
59633.385347220115;18.068181479378367;-1.0;CPCS;I(GaiaSP);ROAD_FLI-KAF-16803, Przemek Mikolajczyk
59633.385347220115;16.409783216049817;0.13105988263460444;CPCS;I(GaiaSP);ROAD_FLI-KAF-16803, Przemek Mikolajczyk
59633.386631940026;18.10705981326641;0.16381334612568932;CPCS;V(GaiaSP);ROAD_FLI-KAF-16803, Przemek Mikolajczyk
59633.386631940026;19.67215852708689;-1.0;CPCS;V(GaiaSP);ROAD_FLI-KAF-16803, Przemek Mikolajczyk
59633.38806713;19.49312044567207;-1.0;CPCS;V(GaiaSP);ROAD_FLI-KAF-16803, Przemek Mikolajczyk
59633.38806713;19.4957924825141;-1.0;CPCS;V(GaiaSP);ROAD_FLI-KAF-16803, Przemek Mikolajczyk
59634.38418981014;16.13715203097966;-1.0;CPCS;I(GaiaSP);ROAD_FLI-KAF-16803, Przemek Mikolajczyk
59634.38418981014;16.12949916045535;-1.0;CPCS;I(GaiaSP);ROAD_FLI-KAF-16803, Przemek Mikolajczyk
59634.38526618993;16.67559242414309;-1.0;CPCS;I(GaiaSP);ROAD_FLI-KAF-16803, Przemek Mikolajczyk
59634.38526618993;16.677497398518383;-1.0;CPCS;I(GaiaSP);ROAD_FLI-KAF-16803, Przemek Mikolajczyk
59634.38655092986;17.45303127130875;-1.0;CPCS;V(GaiaSP);ROAD_FLI-KAF-16803, Przemek Mikolajczyk
59634.38655092986;17.445908622983264;-1.0;CPCS;V(GaiaSP);ROAD_FLI-KAF-16803, Przemek Mikolajczyk
59634.38797452999;17.909235223927936;-1.0;CPCS;V(GaiaSP);ROAD_FLI-KAF-16803, Przemek Mikolajczyk
59634.38797452999;17.898417608794137;-1.0;CPCS;V(GaiaSP);ROAD_FLI-KAF-16803, Przemek Mikolajczyk
59635.38486110978;16.351861365433358;0.24122254471215598;CPCS;I(GaiaSP);ROAD_FLI-KAF-16803, Przemek Mikolajczyk
59635.385949050076;17.88822162914928;-1.0;CPCS;I(GaiaSP);ROAD_FLI-KAF-16803, Przemek Mikolajczyk
59635.385949050076;17.8835757588647;-1.0;CPCS;I(GaiaSP);ROAD_FLI-KAF-16803, Przemek Mikolajczyk
59635.3872453901;19.630962396439333;-1.0;CPCS;V(GaiaSP);ROAD_FLI-KAF-16803, Przemek Mikolajczyk
59635.3872453901;18.65859020917536;0.21989671353784526;CPCS;V(GaiaSP);ROAD_FLI-KAF-16803, Przemek Mikolajczyk
59635.388668979984;19.826644280810424;-1.0;CPCS;V(GaiaSP);ROAD_FLI-KAF-16803, Przemek Mikolajczyk
59635.388668979984;18.56415547974118;0.2347014403424541;CPCS;V(GaiaSP);ROAD_FLI-KAF-16803, Przemek Mikolajczyk
59636.248459;18.511;0.169;ATLAS;ATLAS(o);ATLAS
59636.251195;18.047;0.109;ATLAS;ATLAS(o);ATLAS
59636.257694;19.478;0.448;ATLAS;ATLAS(o);ATLAS
59636.268212;17.793;0.063;ATLAS;ATLAS(o);ATLAS
59637.38556715986;17.907773060296645;-1.0;CPCS;I(GaiaSP);ROAD_FLI-KAF-16803, Przemek Mikolajczyk
59637.38556715986;17.905595860308463;-1.0;CPCS;I(GaiaSP);ROAD_FLI-KAF-16803, Przemek Mikolajczyk
59637.38664352987;17.703915310612288;-1.0;CPCS;I(GaiaSP);ROAD_FLI-KAF-16803, Przemek Mikolajczyk
59637.38664352987;17.707899710832038;-1.0;CPCS;I(GaiaSP);ROAD_FLI-KAF-16803, Przemek Mikolajczyk
59637.38793980982;19.97428203193784;-1.0;CPCS;V(GaiaSP);ROAD_FLI-KAF-16803, Przemek Mikolajczyk
59637.38793980982;19.97739089328579;-1.0;CPCS;V(GaiaSP);ROAD_FLI-KAF-16803, Przemek Mikolajczyk
59637.38936340995;18.260577819341137;0.20301314780725976;CPCS;V(GaiaSP);ROAD_FLI-KAF-16803, Przemek Mikolajczyk
59637.38936340995;19.779552947241847;-1.0;CPCS;V(GaiaSP);ROAD_FLI-KAF-16803, Przemek Mikolajczyk
59638.196288;20.56;0.75;ATLAS;ATLAS(o);ATLAS
59638.38627314987;17.85003103314054;-1.0;CPCS;I(GaiaSP);ROAD_FLI-KAF-16803, Przemek Mikolajczyk
59638.38627314987;17.84794491498125;-1.0;CPCS;I(GaiaSP);ROAD_FLI-KAF-16803, Przemek Mikolajczyk
59638.38736113999;16.493632097515118;0.16832864371621367;CPCS;I(GaiaSP);ROAD_FLI-KAF-16803, Przemek Mikolajczyk
59638.38736113999;17.959682655484094;-1.0;CPCS;I(GaiaSP);ROAD_FLI-KAF-16803, Przemek Mikolajczyk
59638.3886458599;20.025773482388733;-1.0;CPCS;V(GaiaSP);ROAD_FLI-KAF-16803, Przemek Mikolajczyk
59638.3886458599;20.0298142546677;-1.0;CPCS;V(GaiaSP);ROAD_FLI-KAF-16803, Przemek Mikolajczyk
59638.390069449786;18.156553688780072;0.18186264514365114;CPCS;V(GaiaSP);ROAD_FLI-KAF-16803, Przemek Mikolajczyk
59638.390069449786;19.768154869900275;-1.0;CPCS;V(GaiaSP);ROAD_FLI-KAF-16803, Przemek Mikolajczyk
59639.38364586001;17.352449157300544;-1.0;CPCS;I(GaiaSP);ROAD_FLI-KAF-16803, Przemek Mikolajczyk
59639.38364586001;17.359683887541724;-1.0;CPCS;I(GaiaSP);ROAD_FLI-KAF-16803, Przemek Mikolajczyk
59639.384722230025;16.62706268802259;0.2517105066144417;CPCS;I(GaiaSP);ROAD_FLI-KAF-16803, Przemek Mikolajczyk
59639.38601850998;19.412953607797597;-1.0;CPCS;V(GaiaSP);ROAD_FLI-KAF-16803, Przemek Mikolajczyk
59639.38601850998;19.418448111424027;-1.0;CPCS;V(GaiaSP);ROAD_FLI-KAF-16803, Przemek Mikolajczyk
59639.387453710195;18.392327401344286;0.2798216763926569;CPCS;V(GaiaSP);ROAD_FLI-KAF-16803, Przemek Mikolajczyk
59639.387453710195;19.081978060524325;-1.0;CPCS;V(GaiaSP);ROAD_FLI-KAF-16803, Przemek Mikolajczyk
59640.38430556981;16.67205157694487;0.18884084813835736;CPCS;I(GaiaSP);ROAD_FLI-KAF-16803, Przemek Mikolajczyk
59640.38430556981;18.23999867565583;-1.0;CPCS;I(GaiaSP);ROAD_FLI-KAF-16803, Przemek Mikolajczyk
59640.38539349986;16.6194858286123;0.17312423202159008;CPCS;I(GaiaSP);ROAD_FLI-KAF-16803, Przemek Mikolajczyk
59640.38539349986;18.44218842457002;-1.0;CPCS;I(GaiaSP);ROAD_FLI-KAF-16803, Przemek Mikolajczyk
59640.38668981008;19.989053735158045;-1.0;CPCS;V(GaiaSP);ROAD_FLI-KAF-16803, Przemek Mikolajczyk
59640.38668981008;19.990111790996526;-1.0;CPCS;V(GaiaSP);ROAD_FLI-KAF-16803, Przemek Mikolajczyk
59640.38811341021;19.97258031867457;-1.0;CPCS;V(GaiaSP);ROAD_FLI-KAF-16803, Przemek Mikolajczyk
59640.38811341021;19.970455606643505;-1.0;CPCS;V(GaiaSP);ROAD_FLI-KAF-16803, Przemek Mikolajczyk
59640.572439999785;18.0;0.026302679918953815;Gaia Alerts;GSA(G);Gaia Alerts
59641.261037;18.326;0.115;ATLAS;ATLAS(o);ATLAS
59641.288413;18.927;0.221;ATLAS;ATLAS(o);ATLAS
59641.316494;19.62;0.581;ATLAS;ATLAS(o);ATLAS
59641.38435185002;17.909823608022343;-1.0;CPCS;I(GaiaSP);ROAD_FLI-KAF-16803, Przemek Mikolajczyk
59641.38435185002;17.91359627718793;-1.0;CPCS;I(GaiaSP);ROAD_FLI-KAF-16803, Przemek Mikolajczyk
59641.385428220034;17.917787947324776;-1.0;CPCS;I(GaiaSP);ROAD_FLI-KAF-16803, Przemek Mikolajczyk
59641.385428220034;17.914775061765006;-1.0;CPCS;I(GaiaSP);ROAD_FLI-KAF-16803, Przemek Mikolajczyk
59641.386724560056;19.752897836801463;-1.0;CPCS;V(GaiaSP);ROAD_FLI-KAF-16803, Przemek Mikolajczyk
59641.386724560056;19.756103371009576;-1.0;CPCS;V(GaiaSP);ROAD_FLI-KAF-16803, Przemek Mikolajczyk
59641.388148160186;19.568193460660208;-1.0;CPCS;V(GaiaSP);ROAD_FLI-KAF-16803, Przemek Mikolajczyk
59641.388148160186;18.290085183187934;0.2245227758289912;CPCS;V(GaiaSP);ROAD_FLI-KAF-16803, Przemek Mikolajczyk
59642.19681;20.229;0.703;ATLAS;ATLAS(o);ATLAS
59644.38556715986;17.944608648948233;-1.0;CPCS;I(GaiaSP);ROAD_FLI-KAF-16803, Przemek Mikolajczyk
59644.38556715986;17.937818757179592;-1.0;CPCS;I(GaiaSP);ROAD_FLI-KAF-16803, Przemek Mikolajczyk
59644.38664352987;18.038616920206834;-1.0;CPCS;I(GaiaSP);ROAD_FLI-KAF-16803, Przemek Mikolajczyk
59644.38664352987;16.879637923624493;0.28020178737371265;CPCS;I(GaiaSP);ROAD_FLI-KAF-16803, Przemek Mikolajczyk
59644.38793980982;20.035881604613536;-1.0;CPCS;V(GaiaSP);ROAD_FLI-KAF-16803, Przemek Mikolajczyk
59644.38793980982;20.03267388576477;-1.0;CPCS;V(GaiaSP);ROAD_FLI-KAF-16803, Przemek Mikolajczyk
59644.389374999795;19.562873367826782;-1.0;CPCS;V(GaiaSP);ROAD_FLI-KAF-16803, Przemek Mikolajczyk
59644.389374999795;19.558499210677695;-1.0;CPCS;V(GaiaSP);ROAD_FLI-KAF-16803, Przemek Mikolajczyk
59645.965791;19.139;0.259;ATLAS;ATLAS(o);ATLAS
59645.968522;19.532;0.438;ATLAS;ATLAS(o);ATLAS
59645.98398;18.994;0.249;ATLAS;ATLAS(o);ATLAS
59647.38690972002;18.384114191436716;-1.0;CPCS;I(GaiaSP);ROAD_FLI-KAF-16803, Przemek Mikolajczyk
59647.38690972002;16.666578836149352;0.1967354740107941;CPCS;I(GaiaSP);ROAD_FLI-KAF-16803, Przemek Mikolajczyk
59647.387997659855;16.695766363686197;0.2019756471965139;CPCS;I(GaiaSP);ROAD_FLI-KAF-16803, Przemek Mikolajczyk
59647.387997659855;18.21143398914704;-1.0;CPCS;I(GaiaSP);ROAD_FLI-KAF-16803, Przemek Mikolajczyk
59647.389282439835;20.0201022700696;-1.0;CPCS;V(GaiaSP);ROAD_FLI-KAF-16803, Przemek Mikolajczyk
59647.389282439835;20.016585339058178;-1.0;CPCS;V(GaiaSP);ROAD_FLI-KAF-16803, Przemek Mikolajczyk
59647.390706030186;19.890326201971664;-1.0;CPCS;V(GaiaSP);ROAD_FLI-KAF-16803, Przemek Mikolajczyk
59647.390706030186;18.211801241536328;0.17183068177978744;CPCS;V(GaiaSP);ROAD_FLI-KAF-16803, Przemek Mikolajczyk
59656.222531;19.156;0.437;ATLAS;ATLAS(o);ATLAS
59656.23254;19.031;0.388;ATLAS;ATLAS(o);ATLAS
59660.197687;18.947;0.306;ATLAS;ATLAS(o);ATLAS
59660.233095;19.355;0.499;ATLAS;ATLAS(o);ATLAS
59660.261367;19.321;0.352;ATLAS;ATLAS(o);ATLAS
59660.287313;20.032;0.832;ATLAS;ATLAS(o);ATLAS
59664.208493;19.095;0.307;ATLAS;ATLAS(o);ATLAS
59664.211646;18.767;0.203;ATLAS;ATLAS(o);ATLAS
59664.217068;18.465;0.173;ATLAS;ATLAS(o);ATLAS
59664.22926;18.694;0.193;ATLAS;ATLAS(o);ATLAS
59665.879071;19.961;0.295;ATLAS;ATLAS(c);ATLAS
59668.165132;18.907;0.213;ATLAS;ATLAS(o);ATLAS
59668.185602;19.535;0.499;ATLAS;ATLAS(o);ATLAS
59668.188896;20.24;0.795;ATLAS;ATLAS(o);ATLAS
59668.195449;18.631;0.134;ATLAS;ATLAS(o);ATLAS
59672.188456;18.175;0.108;ATLAS;ATLAS(o);ATLAS
59672.192491;18.745;0.214;ATLAS;ATLAS(o);ATLAS
59672.197474;18.966;0.272;ATLAS;ATLAS(o);ATLAS
59672.208805;18.682;0.179;ATLAS;ATLAS(o);ATLAS
59676.135597;19.711;0.317;ATLAS;ATLAS(o);ATLAS
59680.174386;18.721;0.17;ATLAS;ATLAS(o);ATLAS
59680.178025;18.699;0.208;ATLAS;ATLAS(o);ATLAS
59680.188968;18.617;0.174;ATLAS;ATLAS(o);ATLAS
59682.01194444019;16.72609413773103;0.18349001306495846;CPCS;I(GaiaSP);PROMPT5 & Apogee CCD, Staszek Zola
59685.990115699824;16.81425003817362;0.22231695484632674;CPCS;I(GaiaSP);PROMPT5 & Apogee CCD, Staszek Zola
59692.108089;19.151;0.351;ATLAS;ATLAS(o);ATLAS
59692.111303;18.635;0.187;ATLAS;ATLAS(o);ATLAS
59692.128933;18.884;0.19;ATLAS;ATLAS(o);ATLAS
59693.989699069876;16.41904026941874;-1.0;CPCS;I(GaiaSP);PROMPT5 & Apogee CCD, Staszek Zola
59693.989699069876;16.427439289507944;-1.0;CPCS;I(GaiaSP);PROMPT5 & Apogee CCD, Staszek Zola
59697.903576;19.478;0.415;ATLAS;ATLAS(o);ATLAS
59697.91196;19.315;0.32;ATLAS;ATLAS(o);ATLAS
59697.923024;18.718;0.159;ATLAS;ATLAS(o);ATLAS
59700.085726;19.417;0.378;ATLAS;ATLAS(o);ATLAS
59700.091769;20.198;0.736;ATLAS;ATLAS(o);ATLAS
59700.103511;20.337;0.743;ATLAS;ATLAS(o);ATLAS
59701.922004;18.905;0.205;ATLAS;ATLAS(o);ATLAS
59704.169174;18.933;0.25;ATLAS;ATLAS(o);ATLAS
59704.173465;18.951;0.232;ATLAS;ATLAS(o);ATLAS
59704.180064;18.842;0.205;ATLAS;ATLAS(o);ATLAS
59705.98824999994;18.09;0.027758756035343456;Gaia Alerts;GSA(G);Gaia Alerts
59706.062260000035;18.09;0.027758756035343456;Gaia Alerts;GSA(G);Gaia Alerts
59706.238410000224;18.11;0.028093121663317743;Gaia Alerts;GSA(G);Gaia Alerts
59708.087022;18.441;0.145;ATLAS;ATLAS(o);ATLAS
59708.09066;19.046;0.271;ATLAS;ATLAS(o);ATLAS
59708.096324;19.205;0.281;ATLAS;ATLAS(o);ATLAS
59708.107925;18.367;0.146;ATLAS;ATLAS(o);ATLAS
59712.123713;17.912;0.478;ATLAS;ATLAS(o);ATLAS
59725.870555;18.796;0.161;ATLAS;ATLAS(o);ATLAS
59725.880483;18.752;0.159;ATLAS;ATLAS(o);ATLAS
59737.766749;19.989;0.673;ATLAS;ATLAS(o);ATLAS
59737.784985;19.943;0.481;ATLAS;ATLAS(o);ATLAS
59749.795570000075;18.09;0.027758756035343456;Gaia Alerts;GSA(G);Gaia Alerts
59758.84198;19.714;0.249;ATLAS;ATLAS(c);ATLAS
59759.048008;19.281;0.182;ATLAS;ATLAS(c);ATLAS
59760.026407;19.703;0.285;ATLAS;ATLAS(c);ATLAS
59760.04714;20.621;0.635;ATLAS;ATLAS(c);ATLAS
59765.776792;20.434;0.864;ATLAS;ATLAS(o);ATLAS
59781.460080000106;18.13;0.02843151486273759;Gaia Alerts;GSA(G);Gaia Alerts
59781.534090000205;18.12;0.028261811798101638;Gaia Alerts;GSA(G);Gaia Alerts
59809.699880000204;18.13;0.02843151486273759;Gaia Alerts;GSA(G);Gaia Alerts
59809.773880000226;18.15;0.028773984147356668;Gaia Alerts;GSA(G);Gaia Alerts
59809.77388999984;18.15;0.028773984147356668;Gaia Alerts;GSA(G);Gaia Alerts
59815.992256;20.71;0.712;ATLAS;ATLAS(c);ATLAS
59849.15627000015;18.1;0.02792543841237342;Gaia Alerts;GSA(G);Gaia Alerts
59849.230279999785;18.1;0.02792543841237342;Gaia Alerts;GSA(G);Gaia Alerts
59865.482499999925;18.13;0.02843151486273759;Gaia Alerts;GSA(G);Gaia Alerts
59906.92382000014;18.12;0.028261811798101638;Gaia Alerts;GSA(G);Gaia Alerts
59907.09997999994;18.13;0.02843151486273759;Gaia Alerts;GSA(G);Gaia Alerts
59923.60201000003;18.13;0.02843151486273759;Gaia Alerts;GSA(G);Gaia Alerts
59923.676030000206;18.13;0.02843151486273759;Gaia Alerts;GSA(G);Gaia Alerts
59951.60823446;19.247564369108716;0.08844874942694038;CPCS;g(GaiaSP);LCOGT-SS-1m_4K, Uliana Pylypenko
59951.61145419022;19.288161661584965;0.08437511648251293;CPCS;g(GaiaSP);LCOGT-SS-1m_4K, Uliana Pylypenko
59951.61472612992;17.60005968532748;0.0204;LCOGT-SS-1m_4K;i(GaiaSP);Uliana Pylypenko
59951.61472612992;17.600974920593735;0.030776734776205416;CPCS;i(GaiaSP);LCOGT-SS-1m_4K, Uliana Pylypenko
59951.61793798022;17.607814310162915;0.0182;LCOGT-SS-1m_4K;i(GaiaSP);Uliana Pylypenko
59951.61793798022;17.60852085061109;0.028598287766995384;CPCS;i(GaiaSP);LCOGT-SS-1m_4K, Uliana Pylypenko
59951.62001413014;18.11616824507126;0.0404;LCOGT-SS-1m_4K;r(GaiaSP);Uliana Pylypenko
59951.69297384983;19.409326386048637;0.075569139116325;CPCS;g(GaiaSP);LCOGT-SS-1m_4K, Uliana Pylypenko
59951.69297384983;19.408532322817056;0.0597;LCOGT-SS-1m_4K;g(GaiaSP);Uliana Pylypenko
59951.69618678;19.270078149615408;0.06835916006914988;CPCS;g(GaiaSP);LCOGT-SS-1m_4K, Uliana Pylypenko
59951.69949143985;17.60920542294516;0.0122;LCOGT-SS-1m_4K;i(GaiaSP);Uliana Pylypenko
59951.69949143985;17.609922660514677;0.02273987226929378;CPCS;i(GaiaSP);LCOGT-SS-1m_4K, Uliana Pylypenko
59951.702703000046;17.576722081806835;0.024298544697413424;CPCS;i(GaiaSP);LCOGT-SS-1m_4K, Uliana Pylypenko
59951.702703000046;17.57598660273817;0.0138;LCOGT-SS-1m_4K;i(GaiaSP);Uliana Pylypenko
59951.70580727002;18.153350419802635;0.0189;LCOGT-SS-1m_4K;r(GaiaSP);Uliana Pylypenko
59951.70843558991;18.156947101460666;0.0195;LCOGT-SS-1m_4K;r(GaiaSP);Uliana Pylypenko
59960.56364999991;18.17;0.029120578615297037;Gaia Alerts;GSA(G);Gaia Alerts
59970.086018;19.973;0.395;ATLAS;ATLAS(c);ATLAS
59970.100892;20.147;0.391;ATLAS;ATLAS(c);ATLAS
59972.275902;19.931;0.551;ATLAS;ATLAS(o);ATLAS
59972.278155;19.68;0.397;ATLAS;ATLAS(o);ATLAS
59972.295447;19.644;0.421;ATLAS;ATLAS(o);ATLAS
59972.312815;19.232;0.231;ATLAS;ATLAS(o);ATLAS
59973.211920139845;19.319687349245562;0.0122;LCOGT-CTIO-1m_4K;g(GaiaSP);Uliana Pylypenko
59973.215116899926;19.304790551268454;0.0128;LCOGT-CTIO-1m_4K;g(GaiaSP);Uliana Pylypenko
59973.21842477983;17.591775772697428;0.0085;LCOGT-CTIO-1m_4K;i(GaiaSP);Uliana Pylypenko
59973.22162730992;17.59096025858997;0.0094;LCOGT-CTIO-1m_4K;i(GaiaSP);Uliana Pylypenko
59973.22458796017;18.167224824619396;0.0103;LCOGT-CTIO-1m_4K;r(GaiaSP);Uliana Pylypenko
59973.22720832983;18.15264006459552;0.0097;LCOGT-CTIO-1m_4K;r(GaiaSP);Uliana Pylypenko
59976.315796;19.491;0.372;ATLAS;ATLAS(o);ATLAS
59976.336029;17.871;0.087;ATLAS;ATLAS(o);ATLAS
59976.342272;18.592;0.18;ATLAS;ATLAS(o);ATLAS
59984.275254;19.243;0.404;ATLAS;ATLAS(o);ATLAS
59988.285232;19.455;0.379;ATLAS;ATLAS(o);ATLAS
59988.55365000013;18.15;0.028773984147356668;Gaia Alerts;GSA(G);Gaia Alerts
59988.627650000155;18.15;0.028773984147356668;Gaia Alerts;GSA(G);Gaia Alerts
59988.62766000023;18.15;0.028773984147356668;Gaia Alerts;GSA(G);Gaia Alerts
59990.671516660135;19.28622305542622;0.0178;LCOGT-SS-1m_4K;g(GaiaSP);Uliana Pylypenko
59990.67426556023;19.3438793169289;0.0217;LCOGT-SS-1m_4K;g(GaiaSP);Uliana Pylypenko
59990.67719388008;17.552240828255652;0.0104;LCOGT-SS-1m_4K;i(GaiaSP);Uliana Pylypenko
59990.68017524015;17.54735828411045;0.0124;LCOGT-SS-1m_4K;i(GaiaSP);Uliana Pylypenko
59990.682915989775;18.18174070460719;0.0139;LCOGT-SS-1m_4K;r(GaiaSP);Uliana Pylypenko
59990.685307209846;18.166673802998055;0.0151;LCOGT-SS-1m_4K;r(GaiaSP);Uliana Pylypenko
60004.271985;19.571;0.246;ATLAS;ATLAS(c);ATLAS
60007.0217;18.987;0.271;ATLAS;ATLAS(o);ATLAS
60007.024893;19.174;0.395;ATLAS;ATLAS(o);ATLAS
60007.032225;19.107;0.303;ATLAS;ATLAS(o);ATLAS
60008.266464;19.104;0.33;ATLAS;ATLAS(o);ATLAS
60008.306675;19.165;0.298;ATLAS;ATLAS(o);ATLAS
60014.946387;19.979;0.634;ATLAS;ATLAS(o);ATLAS
60014.949587;18.968;0.304;ATLAS;ATLAS(o);ATLAS
60014.95523;19.598;0.501;ATLAS;ATLAS(o);ATLAS
60016.21387;20.003;0.719;ATLAS;ATLAS(o);ATLAS
60017.796930000186;18.12;0.028261811798101638;Gaia Alerts;GSA(G);Gaia Alerts
60017.87093999982;18.13;0.02843151486273759;Gaia Alerts;GSA(G);Gaia Alerts
60017.870949999895;18.13;0.02843151486273759;Gaia Alerts;GSA(G);Gaia Alerts
60020.189192;19.682;0.489;ATLAS;ATLAS(o);ATLAS
60020.192845;18.485;0.145;ATLAS;ATLAS(o);ATLAS
60020.198276;19.211;0.329;ATLAS;ATLAS(o);ATLAS
60020.209128;18.357;0.124;ATLAS;ATLAS(o);ATLAS
60022.935917;20.812;0.717;ATLAS;ATLAS(c);ATLAS
60022.944709;19.731;0.216;ATLAS;ATLAS(c);ATLAS
60024.209381;19.095;0.253;ATLAS;ATLAS(o);ATLAS
60024.212559;19.525;0.418;ATLAS;ATLAS(o);ATLAS
60024.219773;19.795;0.496;ATLAS;ATLAS(o);ATLAS
60024.231104;19.593;0.54;ATLAS;ATLAS(o);ATLAS
60032.200175;18.065;0.096;ATLAS;ATLAS(o);ATLAS
60032.207209;18.304;0.123;ATLAS;ATLAS(o);ATLAS
60032.210947;18.54;0.131;ATLAS;ATLAS(o);ATLAS
60032.221288;19.302;0.313;ATLAS;ATLAS(o);ATLAS
60035.172857;19.459;0.402;ATLAS;ATLAS(o);ATLAS
60035.175666;20.249;0.805;ATLAS;ATLAS(o);ATLAS
60035.20804;18.702;0.243;ATLAS;ATLAS(o);ATLAS
60035.236603;18.837;0.221;ATLAS;ATLAS(o);ATLAS
60039.901425;20.206;0.936;ATLAS;ATLAS(o);ATLAS
60039.906515;19.087;0.328;ATLAS;ATLAS(o);ATLAS
60041.168999;19.011;0.357;ATLAS;ATLAS(o);ATLAS
60045.915849;18.919;0.242;ATLAS;ATLAS(o);ATLAS
60045.921078;19.01;0.259;ATLAS;ATLAS(o);ATLAS
60048.885709;18.779;0.176;ATLAS;ATLAS(o);ATLAS
60048.891408;19.253;0.257;ATLAS;ATLAS(o);ATLAS
60048.901533;20.497;0.97;ATLAS;ATLAS(o);ATLAS
60051.896822;19.054;0.24;ATLAS;ATLAS(o);ATLAS
60051.899692;18.525;0.148;ATLAS;ATLAS(o);ATLAS
60051.904991;19.459;0.349;ATLAS;ATLAS(o);ATLAS
60051.916294;20.042;0.675;ATLAS;ATLAS(o);ATLAS
60053.131612;20.49;0.642;ATLAS;ATLAS(c);ATLAS
60053.135285;20.4;0.549;ATLAS;ATLAS(c);ATLAS
60060.887126;20.404;0.881;ATLAS;ATLAS(o);ATLAS
60060.889958;19.588;0.443;ATLAS;ATLAS(o);ATLAS
60060.906319;19.566;0.418;ATLAS;ATLAS(o);ATLAS
60061.531680000015;18.12;0.028261811798101638;Gaia Alerts;GSA(G);Gaia Alerts
60061.60568000004;18.14;0.028602236939542832;Gaia Alerts;GSA(G);Gaia Alerts
60063.884595;20.156;0.638;ATLAS;ATLAS(o);ATLAS
60065.202216;18.945;0.209;ATLAS;ATLAS(o);ATLAS
60065.205038;19.216;0.31;ATLAS;ATLAS(o);ATLAS
60065.216881;19.363;0.361;ATLAS;ATLAS(o);ATLAS
60066.855556;19.534;0.493;ATLAS;ATLAS(o);ATLAS
60069.875847;17.028;0.184;ATLAS;ATLAS(o);ATLAS
60071.154273;18.73;0.326;ATLAS;ATLAS(o);ATLAS
60077.100096;18.698;0.208;ATLAS;ATLAS(o);ATLAS
60077.102924;19.235;0.385;ATLAS;ATLAS(o);ATLAS
60077.10797;18.953;0.283;ATLAS;ATLAS(o);ATLAS
60077.119016;18.541;0.174;ATLAS;ATLAS(o);ATLAS
60086.53647999978;18.15;0.028773984147356668;Gaia Alerts;GSA(G);Gaia Alerts
60086.610489999875;18.14;0.028602236939542832;Gaia Alerts;GSA(G);Gaia Alerts
60087.834211;20.366;0.538;ATLAS;ATLAS(c);ATLAS
60089.092879;19.405;0.419;ATLAS;ATLAS(o);ATLAS
60089.120467;17.902;0.124;ATLAS;ATLAS(o);ATLAS
60089.152457;18.828;0.202;ATLAS;ATLAS(o);ATLAS
60090.829392;20.358;0.938;ATLAS;ATLAS(o);ATLAS
60090.832147;19.978;0.713;ATLAS;ATLAS(o);ATLAS
60105.809647;20.498;0.925;ATLAS;ATLAS(o);ATLAS
60105.814664;19.308;0.323;ATLAS;ATLAS(o);ATLAS
60107.04954;18.132;0.088;ATLAS;ATLAS(c);ATLAS
60107.067664;20.635;0.658;ATLAS;ATLAS(c);ATLAS
60117.781708;19.46;0.402;ATLAS;ATLAS(o);ATLAS
60117.798094;19.273;0.285;ATLAS;ATLAS(o);ATLAS
60126.754423;19.028;0.345;ATLAS;ATLAS(o);ATLAS
60126.779244;19.34;0.432;ATLAS;ATLAS(o);ATLAS
60127.26911000023;18.16;0.028946762641760344;Gaia Alerts;GSA(G);Gaia Alerts
60127.34310999978;18.14;0.028602236939542832;Gaia Alerts;GSA(G);Gaia Alerts
60138.762231;19.97;0.349;ATLAS;ATLAS(c);ATLAS
60147.739835;19.73;0.292;ATLAS;ATLAS(c);ATLAS
60147.743125;19.664;0.306;ATLAS;ATLAS(c);ATLAS
60147.748434;19.372;0.195;ATLAS;ATLAS(c);ATLAS
60147.7637;19.847;0.402;ATLAS;ATLAS(c);ATLAS
60155.001597;20.105;0.882;ATLAS;ATLAS(o);ATLAS
60155.016029;18.751;0.461;ATLAS;ATLAS(o);ATLAS
60155.021654;19.186;0.496;ATLAS;ATLAS(o);ATLAS
60160.82525000023;18.11;0.028093121663317743;Gaia Alerts;GSA(G);Gaia Alerts
60161.00139999995;18.16;0.028946762641760344;Gaia Alerts;GSA(G);Gaia Alerts
60161.005719;19.186;0.341;ATLAS;ATLAS(o);ATLAS
60161.016039;19.776;0.513;ATLAS;ATLAS(o);ATLAS
60161.030661;19.355;0.407;ATLAS;ATLAS(o);ATLAS
60165.749192;18.778;0.233;ATLAS;ATLAS(o);ATLAS
60165.770113;19.074;0.271;ATLAS;ATLAS(o);ATLAS
60165.774024;20.337;0.897;ATLAS;ATLAS(o);ATLAS
60226.76930999989;18.15;0.028773984147356668;Gaia Alerts;GSA(G);Gaia Alerts
60226.945460000075;18.14;0.028602236939542832;Gaia Alerts;GSA(G);Gaia Alerts
60241.772429999895;18.17;0.029120578615297037;Gaia Alerts;GSA(G);Gaia Alerts
60282.891390000004;18.15;0.028773984147356668;Gaia Alerts;GSA(G);Gaia Alerts
60282.96541000018;18.16;0.028946762641760344;Gaia Alerts;GSA(G);Gaia Alerts
60301.39204999991;18.14;0.028602236939542832;Gaia Alerts;GSA(G);Gaia Alerts
60301.46604999993;18.14;0.028602236939542832;Gaia Alerts;GSA(G);Gaia Alerts
60316.344722;19.555;0.417;ATLAS;ATLAS(o);ATLAS
60324.266168;20.161;0.749;ATLAS;ATLAS(o);ATLAS
60334.096008;18.769;0.249;ATLAS;ATLAS(o);ATLAS
60342.006499;18.965;0.357;ATLAS;ATLAS(o);ATLAS
60346.071829;19.195;0.245;ATLAS;ATLAS(o);ATLAS
60346.108153;18.853;0.217;ATLAS;ATLAS(o);ATLAS
60346.115689;19.077;0.302;ATLAS;ATLAS(o);ATLAS
60348.282102;19.904;0.703;ATLAS;ATLAS(o);ATLAS
60348.324642;19.31;0.299;ATLAS;ATLAS(o);ATLAS
60348.35281;20.171;0.804;ATLAS;ATLAS(o);ATLAS
